,City,Cloudiness,Country,Date,Humidity,Lat,Lng,Max Temp,Temperature,Wind Speed
0,hobart,40,AU,1585043003,62,-42.88,147.33,55.4,53.6,5.82
1,ushuaia,75,AR,1585043001,80,-54.8,-68.3,39.2,39.2,24.16
2,qui nhon,0,VN,1585043165,52,13.77,109.23,85.26,85.26,11.61
3,talnakh,75,RU,1585043006,92,69.49,88.4,12.2,12.2,29.08
4,carnarvon,26,AU,1585042724,62,-24.87,113.63,87.8,87.8,13.87
5,birao,0,CF,1585043001,7,10.28,22.79,97.32,97.32,17.18
6,cape town,100,ZA,1585042833,53,-33.93,18.42,75.99,73.27,10.29
7,arraial do cabo,75,BR,1585043016,83,-22.97,-42.03,71.6,71.6,3.36
8,sao filipe,81,CV,1585043012,76,14.9,-24.5,67.26,67.26,17.36
9,punta arenas,0,CL,1585043003,69,-53.15,-70.92,37.4,37.2,14.99
10,flin flon,100,CA,1585043010,96,54.77,-101.86,16.32,16.32,5.97
11,pitkyaranta,100,RU,1585043165,78,61.57,31.48,33.42,33.42,18.9
12,bluff,100,NZ,1585043002,86,-46.6,168.33,52.0,52.0,10.0
13,qaanaaq,100,GL,1585043007,98,77.48,-69.36,-4.74,-4.74,7.74
14,katangli,0,RU,1585043166,86,51.71,143.23,21.72,21.72,2.93
15,tuktoyaktuk,100,CA,1585043005,87,69.45,-133.04,4.98,4.98,4.27
16,tasiilaq,100,GL,1585043011,86,65.61,-37.64,26.6,26.6,12.75
17,gayny,0,RU,1585043166,80,60.31,54.32,31.08,31.08,3.83
18,cabedelo,20,BR,1585043166,88,-6.98,-34.83,77.0,77.0,4.7
19,rio cuarto,0,AR,1585043166,73,-33.13,-64.35,69.8,69.8,9.17
20,new norfolk,40,AU,1585043008,62,-42.78,147.06,55.4,53.47,5.82
21,bayeux,20,BR,1585043166,88,-7.12,-34.93,77.0,77.0,4.7
22,mar del plata,75,AR,1585043003,93,-38.0,-57.56,68.0,67.05,5.82
23,puerto ayora,0,EC,1585043004,87,-0.74,-90.35,73.0,73.0,7.31
24,touros,40,BR,1585043010,94,-5.2,-35.46,75.2,75.2,4.7
25,thompson,90,CA,1585043007,57,55.74,-97.86,21.2,21.2,3.36
26,palm springs,75,US,1585043166,93,33.83,-116.55,60.8,47.75,5.53
27,sabang,44,ID,1585043166,70,5.89,95.32,84.36,84.36,14.23
28,port alfred,100,ZA,1585043002,71,-33.59,26.89,72.0,72.0,4.0
29,jamestown,90,US,1585043001,99,42.1,-79.24,36.0,34.12,5.82
30,nikolskoye,100,RU,1585043006,55,59.7,30.79,39.2,39.11,15.66
31,kamenka,1,RU,1585043166,60,51.32,42.77,32.0,32.0,11.01
32,bredasdorp,100,ZA,1585043003,61,-34.53,20.04,75.0,75.0,4.0
33,souillac,75,MU,1585043031,78,-20.52,57.52,82.4,81.81,11.41
34,te anau,22,NZ,1585043020,78,-45.42,167.72,47.46,47.46,7.4
35,airai,68,TL,1585043006,85,-8.93,125.41,70.86,70.86,3.98
36,balud,20,PH,1585043167,58,10.15,123.7,86.0,86.0,5.82
37,grand-santi,59,GF,1585043167,99,4.25,-54.38,69.96,69.96,1.81
38,narsaq,0,GL,1585043005,61,60.92,-46.05,17.6,17.6,4.43
39,roros,100,NO,1585043167,55,62.57,11.38,35.6,35.6,11.41
40,itaituba,74,BR,1585043167,98,-4.28,-55.98,71.4,71.4,0.56
41,yenagoa,100,NG,1585043167,96,4.92,6.26,74.82,74.82,5.35
42,sorland,40,NO,1585043167,60,67.67,12.69,42.8,42.8,24.16
43,yellowknife,5,CA,1585042736,62,62.46,-114.35,-13.0,-13.0,4.7
44,butaritari,100,KI,1585043010,76,3.07,172.79,84.9,84.9,22.12
45,hermanus,98,ZA,1585042985,61,-34.42,19.23,75.99,75.45,4.0
46,pevek,100,RU,1585043024,95,69.7,170.31,16.86,16.86,8.59
47,tilzapotla,0,MX,1585043167,61,18.48,-99.27,69.01,69.01,2.19
48,mehamn,96,NO,1585043029,69,71.04,27.85,35.6,35.6,41.38
49,rikitea,100,PF,1585043000,82,-23.12,-134.97,76.98,76.98,9.84
50,atuona,3,PF,1585043002,72,-9.8,-139.03,82.38,82.38,8.93
51,provideniya,100,RU,1585043006,98,64.38,-173.3,25.32,25.32,4.88
52,temecula,75,US,1585042944,93,33.49,-117.15,54.0,48.33,2.21
53,georgetown,20,MY,1585042821,66,5.41,100.34,91.4,90.34,10.29
54,aljezur,0,PT,1585043168,71,37.32,-8.8,59.0,59.0,12.5
55,avarua,100,CK,1585043007,83,-21.21,-159.78,80.6,80.6,10.29
56,castro,65,BR,1585043003,93,-24.79,-50.01,57.18,57.18,7.18
57,matara,0,LK,1585043168,59,5.95,80.54,87.24,87.24,12.57
58,kapaa,75,US,1585043004,73,22.08,-159.32,71.6,71.38,20.8
59,saravan,20,AM,1585043168,68,39.72,45.65,62.6,62.6,6.93
60,ciro marina,75,IT,1585043168,41,39.37,17.13,42.8,42.8,8.05
61,dikson,69,RU,1585043000,89,73.51,80.55,13.26,13.26,5.82
62,tiksi,94,RU,1585043003,95,71.69,128.87,-16.8,-16.8,4.68
63,aykhal,40,RU,1585043033,48,66.0,111.5,-5.8,-5.8,4.47
64,hithadhoo,100,MV,1585043034,75,-0.6,73.08,84.0,84.0,10.16
65,lebu,100,CL,1585043002,98,-37.62,-73.65,57.9,57.9,4.72
66,talara,80,PE,1585043168,89,-4.58,-81.27,75.36,75.36,11.95
67,bowen,40,AU,1585043025,69,-20.02,148.23,80.01,79.39,16.11
68,bilokurakyne,0,UA,1585043168,57,49.53,38.73,32.16,32.16,13.42
69,marsh harbour,0,BS,1585043169,75,26.54,-77.06,73.56,73.56,8.3
70,marataizes,7,BR,1585043169,94,-21.04,-40.82,64.38,64.38,4.18
71,molina,0,CL,1585043169,71,-35.12,-71.28,50.0,50.0,3.36
72,pozo colorado,0,PY,1585043169,67,-23.49,-58.8,68.7,68.7,4.83
73,russell,90,US,1585043169,94,32.35,-85.2,68.0,66.09,3.36
74,barrow,90,US,1585043008,84,71.29,-156.79,5.0,5.0,3.36
75,busselton,51,AU,1585042887,20,-33.65,115.33,86.0,83.52,7.49
76,bethel,90,US,1585043008,96,41.37,-73.41,37.4,33.89,4.7
77,victoria point,75,AU,1585043169,73,-27.58,153.3,72.0,70.56,17.6
78,adrar,55,MR,1585042718,53,20.5,-10.07,59.52,59.52,14.52
79,nome,90,US,1585043012,97,64.5,-165.41,30.99,30.99,9.17
80,nanortalik,4,GL,1585043006,65,60.14,-45.24,26.58,26.58,34.07
81,ngunguru,0,NZ,1585043169,87,-35.62,174.5,55.99,55.06,3.0
82,ixtlahuacan del rio,5,MX,1585043169,51,20.87,-103.25,69.01,63.55,4.7
83,calamar,63,CO,1585043169,88,10.25,-74.91,78.8,78.8,4.7
84,xunchang,6,CN,1585043169,37,28.45,104.72,81.84,81.84,5.5
85,mount gambier,90,AU,1585043012,67,-37.83,140.77,57.2,57.2,14.99
86,upernavik,100,GL,1585043002,69,72.79,-56.15,1.02,1.02,9.04
87,vaini,75,TO,1585043003,94,-21.2,-175.2,77.0,77.0,3.36
88,albany,90,US,1585043005,92,42.6,-73.97,32.0,29.26,6.93
89,kaitangata,96,NZ,1585043012,76,-46.28,169.85,51.01,51.01,4.0
90,khatanga,100,RU,1585043001,94,71.97,102.5,1.38,1.38,10.09
91,virginia beach,90,US,1585043079,93,36.85,-75.98,50.0,48.22,11.56
92,ancud,90,CL,1585043027,100,-41.87,-73.82,57.2,57.2,3.36
93,rieti,20,IT,1585043170,69,42.41,12.86,52.0,40.37,13.87
94,belmonte,75,BR,1585043028,88,-15.86,-38.88,71.6,71.6,5.82
95,rayong,20,TH,1585042983,62,12.83,101.43,93.99,90.91,12.75
96,zhaoyuan,0,CN,1585043170,33,37.36,120.4,59.0,59.0,1.01
97,cidreira,8,BR,1585043005,80,-30.18,-50.21,72.48,72.48,24.85
98,victoria,20,HK,1585042835,65,22.29,114.16,81.0,74.57,8.05
99,awjilah,0,LY,1585043170,49,29.11,21.29,67.44,67.44,7.25
100,kavaratti,0,IN,1585043021,66,10.57,72.64,83.64,83.64,4.83
101,alice springs,100,AU,1585043016,19,-23.7,133.88,91.4,91.4,13.87
102,mataura,89,NZ,1585043000,86,-46.19,168.86,52.0,52.0,10.0
103,pisco,100,PE,1585043018,90,-13.7,-76.22,70.0,70.0,1.99
104,miramar,90,US,1585043170,83,25.99,-80.23,75.99,72.32,11.68
105,lagoa,95,PT,1585043012,91,39.05,-27.98,58.62,58.62,27.85
106,tura,11,IN,1585043002,24,25.52,90.22,91.02,91.02,6.67
107,baykit,84,RU,1585043013,76,61.67,96.37,12.18,12.18,8.23
108,vila velha,75,BR,1585042806,78,-20.33,-40.29,73.4,73.22,3.36
109,chokurdakh,45,RU,1585043005,78,70.63,147.92,-0.6,-0.6,7.07
110,vardo,75,NO,1585043030,69,70.37,31.11,35.6,35.6,20.8
111,ucluelet,100,CA,1585043023,92,48.93,-125.55,37.0,35.55,5.99
112,ponta do sol,75,PT,1585043017,59,32.67,-17.1,62.6,61.88,12.75
113,jibuti,20,DJ,1585043171,58,11.5,42.5,87.8,87.8,8.01
114,elizabethton,90,US,1585043171,100,36.35,-82.21,53.01,47.57,0.85
115,clyde river,90,CA,1585043007,91,70.47,-68.59,-9.4,-9.4,5.82
116,quelimane,40,MZ,1585043171,66,-17.88,36.89,87.8,87.8,3.36
117,berdigestyakh,100,RU,1585043171,87,62.1,126.7,16.5,16.5,10.87
118,namatanai,100,PG,1585043011,74,-3.67,152.43,83.64,83.64,6.62
119,omboue,84,GA,1585043033,69,-1.57,9.26,84.72,84.72,3.04
120,gat,0,IL,1585043164,56,31.61,34.76,72.0,68.54,16.11
121,nioro,98,GM,1585043171,50,13.35,-15.75,69.42,69.42,9.98
122,nyaunglebin,0,MM,1585043172,11,17.95,96.73,102.54,102.54,7.45
123,beringovskiy,64,RU,1585043027,89,63.05,179.32,27.12,27.12,4.97
124,ayagoz,0,KZ,1585043172,81,47.97,80.44,19.02,19.02,19.39
125,havelock,90,US,1585043023,87,34.88,-76.9,57.2,56.25,4.7
126,cabo san lucas,0,MX,1585042805,56,22.89,-109.91,64.0,61.99,2.77
127,half moon bay,90,US,1585043022,76,37.46,-122.43,53.01,49.41,3.36
128,tanout,69,NE,1585043172,8,14.97,8.89,96.42,96.42,1.77
129,hamilton,1,US,1585043017,90,39.18,-84.53,37.99,34.84,3.31
130,disna,0,BY,1585043172,31,55.57,28.2,35.22,35.22,4.32
131,champasak,20,LA,1585043172,39,14.75,106.0,96.8,96.8,6.93
132,shangrao,100,CN,1585043172,86,28.45,117.97,68.88,68.88,4.07
133,ereymentau,0,KZ,1585043172,73,51.62,73.1,23.16,23.16,8.21
134,tiznit,21,MA,1585043172,80,29.58,-9.5,49.44,49.44,22.77
135,yulara,7,AU,1585043172,15,-25.24,130.99,95.0,95.0,5.82
136,aksu,100,CN,1585043172,17,41.12,80.26,66.18,66.18,6.55
137,sao joao da barra,0,BR,1585043028,87,-21.64,-41.05,68.52,68.52,10.16
138,byron bay,90,AU,1585043172,100,-28.65,153.62,69.01,67.53,4.7
139,praia da vitoria,40,PT,1585043000,87,38.73,-27.07,60.8,60.8,23.24
140,saint-philippe,98,RE,1585043012,78,-21.36,55.77,79.0,78.87,9.17
141,tilichiki,100,RU,1585043017,97,60.47,166.1,31.44,31.44,10.92
142,cap-aux-meules,75,CA,1585043173,79,47.38,-61.86,28.4,28.4,12.75
143,lambarene,71,GA,1585043173,67,-0.7,10.24,86.88,86.88,3.13
144,kendari,44,ID,1585043173,78,-3.94,122.5,82.38,82.38,2.19
145,zhangye,22,CN,1585043173,10,38.93,100.45,68.52,68.52,5.75
146,kiunga,94,PG,1585043173,96,-6.12,141.29,76.98,76.98,1.72
147,patacamaya,59,BO,1585042980,95,-17.23,-67.92,41.7,41.7,1.86
148,olafsvik,100,IS,1585043173,88,64.89,-23.71,35.04,35.04,27.67
149,manggar,41,ID,1585043173,74,-2.88,108.27,83.82,83.82,10.16
150,dillon,90,US,1585043173,100,34.42,-79.37,57.0,54.73,6.93
151,gisborne,100,NZ,1585043107,92,-38.65,178.0,52.0,52.0,1.99
152,alegre,37,BR,1585043173,97,-20.76,-41.53,59.7,59.7,2.13
153,khandbari,56,NP,1585043173,61,27.37,87.2,56.1,56.1,4.94
154,korla,76,CN,1585043001,35,41.76,86.15,47.82,47.82,5.53
155,toktogul,100,KG,1585043137,89,41.87,72.94,35.01,35.01,3.22
156,sitka,1,US,1585043008,51,57.05,-135.33,37.4,33.67,13.87
157,mahebourg,75,MU,1585043014,78,-20.41,57.7,82.4,81.81,11.41
158,yerbogachen,100,RU,1585043028,78,61.28,108.01,5.88,5.88,8.57
159,port hardy,20,CA,1585043011,86,50.7,-127.42,32.0,32.0,5.82
160,vestmannaeyjar,75,IS,1585043174,64,63.44,-20.27,37.4,37.4,20.8
161,esperance,2,AU,1585043009,56,-33.87,121.9,73.4,73.4,16.11
162,cabanglasan,100,PH,1585043174,93,8.12,125.33,71.58,71.58,1.99
163,am timan,23,TD,1585043174,6,11.03,20.28,102.54,102.54,10.25
164,fortuna,90,US,1585042878,93,40.6,-124.16,46.4,44.85,2.35
165,progreso,5,MX,1585043174,83,21.28,-89.67,73.99,73.69,11.41
166,honiara,20,SB,1585043020,88,-9.43,159.95,78.8,78.8,2.24
167,cherskiy,0,RU,1585043002,87,68.75,161.3,1.56,1.56,4.63
168,iquique,0,CL,1585042952,77,-20.22,-70.14,66.2,66.2,3.22
169,sao gabriel da cachoeira,100,BR,1585043015,98,-0.13,-67.09,71.76,71.76,0.67
170,paita,93,PE,1585043174,79,-5.09,-81.11,75.9,75.9,5.44
171,severo-kurilsk,100,RU,1585043021,97,50.68,156.12,28.38,28.38,9.82
172,fairbanks,90,US,1585043174,80,64.84,-147.72,33.8,31.78,13.87
173,lima,40,PE,1585043174,88,-12.04,-77.03,71.6,71.6,6.93
174,sakaiminato,40,JP,1585043174,43,35.55,133.23,51.8,50.83,3.36
175,varhaug,100,NO,1585043175,70,58.61,5.65,45.0,43.95,23.04
176,dunedin,100,NZ,1585043175,76,-45.87,170.5,51.01,51.01,3.0
177,kavieng,96,PG,1585043010,73,-2.57,150.8,85.08,85.08,9.22
178,longyearbyen,75,SJ,1585043008,73,78.22,15.64,23.0,23.0,4.7
179,lorengau,100,PG,1585043022,82,-2.02,147.27,82.38,82.38,22.82
180,ola,98,RU,1585043175,86,59.58,151.28,22.62,22.62,4.03
181,nuuk,100,GL,1585043024,79,64.18,-51.72,21.2,21.09,26.4
182,cahir,75,IE,1585043175,87,52.38,-7.92,50.0,48.88,13.87
183,isangel,71,VU,1585043035,86,-19.55,169.27,77.7,77.7,18.84
184,miandrivazo,49,MG,1585043014,54,-19.52,45.47,87.78,87.78,3.0
185,manhattan,90,US,1585042914,86,40.78,-73.97,39.0,36.09,10.29
186,evensk,100,RU,1585043175,82,61.95,159.23,23.52,23.52,5.64
187,saskylakh,0,RU,1585043001,88,71.92,114.08,-15.0,-15.0,7.54
188,hilo,75,US,1585042961,73,19.73,-155.09,71.6,62.08,4.7
189,bardsir,40,IR,1585043175,34,29.92,56.57,51.8,51.8,11.41
190,moussoro,0,TD,1585043176,7,13.64,16.49,102.54,102.54,7.45
191,hofn,100,IS,1585043024,63,64.25,-15.21,39.0,39.0,27.04
192,lydenburg,0,ZA,1585043176,65,-25.1,30.46,84.0,79.18,1.99
193,saint george,0,US,1585043003,86,37.1,-113.58,44.6,42.87,2.3
194,beian,75,NO,1585043176,66,63.66,9.57,48.2,48.2,14.99
195,bambous virieux,75,MU,1585043007,78,-20.34,57.76,82.4,81.77,11.41
196,bonthe,97,SL,1585043176,73,7.53,-12.51,82.2,82.2,5.99
197,sibolga,100,ID,1585043176,74,1.74,98.78,85.26,85.26,2.62
198,kokoda,100,PG,1585043176,96,-8.88,147.74,65.46,65.46,2.19
199,frederico westphalen,0,BR,1585043176,96,-27.36,-53.39,57.99,57.99,5.41
200,haines junction,95,CA,1585043176,77,60.75,-137.51,8.94,8.94,1.25
201,baoshan,0,CN,1585043176,62,46.56,131.42,37.2,37.2,6.08
202,eurajoki,62,FI,1585043176,52,61.2,21.73,41.0,41.0,16.11
203,chingirlau,100,KZ,1585043176,37,51.09,54.08,48.9,48.9,16.44
204,krasnoselkup,100,RU,1585043176,89,65.7,82.47,26.4,26.4,22.24
205,katsuura,20,JP,1585043029,34,35.13,140.3,48.99,47.84,24.16
206,hambantota,20,LK,1585043016,47,6.12,81.12,95.0,95.0,5.82
207,leningradskiy,98,RU,1585043177,77,69.38,178.42,19.74,19.74,4.72
208,robertson,1,US,1585043177,100,36.52,-86.87,48.0,45.52,5.01
209,saldanha,82,ZA,1585043001,60,-33.01,17.94,68.52,68.52,9.31
210,wenling,100,CN,1585043177,79,28.37,121.36,64.0,63.27,7.54
211,east london,20,ZA,1585043011,78,-33.02,27.91,73.4,73.4,12.75
212,soe,9,ID,1585043177,66,-9.86,124.28,80.22,80.22,3.89
213,portland,90,US,1585042861,81,45.52,-122.68,44.01,41.09,5.82
214,krasnokamensk,92,RU,1585043177,64,50.1,118.04,37.2,37.2,11.16
215,guinabsan,36,PH,1585043177,88,8.9,125.42,78.96,78.96,3.11
216,vinh,72,VN,1585043177,85,18.67,105.67,76.98,76.98,3.87
217,moose factory,1,CA,1585043021,92,51.26,-80.61,23.0,23.0,5.82
218,novyy urengoy,96,RU,1585043177,86,66.08,76.63,27.66,27.66,18.57
219,hasaki,40,JP,1585043035,36,35.73,140.83,46.4,45.77,10.29
220,krasnyy profintern,6,RU,1585043177,24,57.74,40.44,35.6,35.6,11.18
221,baherden,100,TM,1585043177,27,38.44,57.43,58.98,58.98,19.91
222,pudozh,100,RU,1585043177,67,61.81,36.53,31.26,31.26,12.19
223,port blair,0,IN,1585043177,69,11.67,92.75,82.38,82.38,13.73
224,baracoa,11,CU,1585043178,79,20.35,-74.5,75.9,75.9,14.36
225,norman wells,90,CA,1585043022,60,65.28,-126.83,10.4,10.4,2.24
226,bacolod,14,PH,1585043032,49,10.67,122.95,86.34,86.34,7.58
227,minot,1,US,1585043178,75,48.23,-101.3,41.0,37.44,3.36
228,tazovskiy,100,RU,1585043178,82,67.47,78.7,29.1,29.1,22.68
229,huanren,100,CN,1585043178,48,41.26,125.37,46.38,46.38,5.08
230,xuddur,97,SO,1585043035,42,4.12,43.89,88.32,88.32,5.41
231,salalah,60,OM,1585043026,48,17.02,54.09,84.2,84.2,13.87
232,puerto leguizamo,100,CO,1585043178,84,-0.19,-74.78,72.66,72.66,2.24
233,bengkulu,88,ID,1585042863,79,-3.8,102.27,83.46,83.46,3.85
234,kalemie,29,CD,1585043178,72,-5.95,29.19,76.8,76.8,10.09
235,san francisco,90,US,1585043004,93,37.77,-122.42,53.6,49.15,7.78
236,una,0,IN,1585043178,15,20.82,71.03,102.54,102.54,6.51
237,rio gallegos,33,AR,1585043178,65,-51.62,-69.22,41.0,41.0,14.99
238,kaseda,20,JP,1585043178,51,31.42,130.32,64.4,61.56,9.17
239,wajir,94,KE,1585043179,50,1.75,40.06,90.12,90.12,13.51
240,ivanovka,100,KG,1585043179,22,42.89,75.08,53.6,53.6,17.9
241,senneterre,90,CA,1585043179,79,48.38,-77.23,28.4,28.4,5.82
242,brae,75,GB,1585043035,87,60.4,-1.35,46.4,46.4,19.46
243,atar,67,MR,1585042973,59,20.52,-13.05,58.98,58.98,13.13
244,ponta delgada,75,PT,1585043019,72,37.73,-25.67,59.0,59.0,10.29
245,highlands ranch,1,US,1585043049,80,39.55,-104.97,41.0,34.34,4.7
246,puerto baquerizo moreno,0,EC,1585043179,81,-0.9,-89.6,77.34,77.34,8.48
247,kabanjahe,20,ID,1585043179,70,3.1,98.49,88.0,87.89,9.17
248,faanui,12,PF,1585043015,67,-16.48,-151.75,83.46,83.46,2.75
249,chatra,20,IN,1585043179,31,24.22,84.87,89.6,89.6,9.17
250,sapulpa,90,US,1585043179,93,36.0,-96.11,55.4,54.21,6.93
251,dwarka,84,IN,1585043179,78,22.24,68.97,75.54,75.54,14.9
252,sidney,75,AU,1585043167,64,-33.87,151.21,71.6,68.74,10.29
253,poum,2,NC,1585043032,76,-20.23,164.02,78.6,78.6,10.76
254,paamiut,95,GL,1585043009,57,61.99,-49.67,12.36,12.36,10.8
255,ayr,100,GB,1585043011,70,55.46,-4.63,48.99,47.61,12.75
256,chicama,100,PE,1585043180,86,-7.84,-79.15,69.42,69.42,4.85
257,lacombe,90,CA,1585043180,92,52.47,-113.74,24.8,23.14,6.93
258,torbay,20,CA,1585043007,79,47.67,-52.73,24.01,20.75,12.75
259,padang,100,ID,1585043180,88,-0.95,100.35,77.34,77.34,1.83
260,sola,100,VU,1585043020,74,-13.88,167.55,83.82,83.82,12.37
261,sabzevar,100,IR,1585043180,89,36.21,57.68,41.88,41.88,9.91
262,mastic beach,90,US,1585043135,83,40.77,-72.85,37.99,35.69,12.75
263,huarmey,96,PE,1585043020,87,-10.07,-78.15,68.52,68.52,1.74
264,virtsu,75,EE,1585043180,78,58.57,23.51,39.99,39.7,18.34
265,port lincoln,98,AU,1585043015,83,-34.73,135.87,60.6,60.6,6.22
266,avera,90,US,1585043009,93,33.19,-82.53,66.2,62.26,4.7
267,chuy,0,UY,1585043009,85,-33.7,-53.46,67.8,67.8,9.35
268,kahului,75,US,1585043026,77,20.89,-156.47,69.8,66.61,13.87
269,kichmengskiy gorodok,0,RU,1585043180,75,59.98,45.79,32.52,32.52,7.67
270,alta floresta,100,BR,1585043015,98,-9.88,-56.09,71.58,71.58,5.48
271,stavropol,90,RU,1585043180,100,45.04,41.97,33.8,33.8,13.42
272,vostok,91,RU,1585043035,94,46.49,135.88,23.88,23.88,4.47
273,komsomolskiy,83,UZ,1585043180,48,40.43,71.72,66.2,66.2,9.17
274,namibe,84,AO,1585043013,69,-15.2,12.15,80.6,80.6,5.82
275,sorong,100,ID,1585043181,98,-0.88,131.25,75.18,75.18,0.74
276,jalu,0,LY,1585043018,49,29.03,21.55,67.44,67.44,7.25
277,ugoofaaru,61,MV,1585043022,67,5.67,73.0,83.82,83.82,6.89
278,patan,75,NP,1585043181,56,27.67,85.33,69.8,69.8,8.05
279,luorong,33,CN,1585043181,67,24.41,109.61,80.76,80.76,12.15
280,roblin,100,CA,1585043181,94,51.23,-101.36,28.56,28.56,8.9
281,nouadhibou,0,MR,1585043001,77,20.93,-17.03,64.4,64.4,13.87
282,san patricio,0,MX,1585043181,76,19.22,-104.7,74.28,74.28,5.01
283,punta,36,PH,1585043181,88,8.99,125.34,78.96,78.96,3.11
284,iskilip,100,TR,1585043181,53,40.74,34.47,53.04,53.04,8.28
285,penzance,75,GB,1585042936,93,50.12,-5.54,52.0,51.17,10.29
286,qaqortoq,3,GL,1585043181,61,60.72,-46.03,17.6,17.6,33.49
287,ribeira grande,75,PT,1585043014,77,38.52,-28.7,59.0,59.0,24.16
288,derventa,90,BA,1585043161,96,44.98,17.91,33.01,32.0,11.41
289,bundaberg,90,AU,1585043181,61,-24.85,152.35,77.0,77.0,14.99
290,sembe,0,CG,1585043017,59,1.65,14.58,84.72,84.72,4.43
291,vao,14,NC,1585043020,75,-22.67,167.48,76.62,76.62,20.42
292,ahvaz,40,IR,1585043182,46,31.32,48.67,69.8,69.8,2.24
293,palana,100,RU,1585043182,78,59.12,159.97,31.08,31.08,3.71
294,rincon,90,US,1585043107,93,32.3,-81.24,66.99,65.34,3.36
295,cayenne,90,GF,1585043022,74,4.93,-52.33,80.6,80.6,5.82
296,reitz,0,ZA,1585043182,31,-27.8,28.43,75.18,75.18,7.96
297,port elizabeth,90,ZA,1585043016,60,-33.92,25.57,73.4,73.4,14.99
298,bissora,64,GW,1585043182,34,12.22,-15.45,73.38,73.38,9.19
299,waipawa,10,NZ,1585043182,62,-41.41,175.52,55.4,54.01,5.82
300,dafeng,28,CN,1585043182,69,23.45,108.59,77.7,77.7,7.34
301,san andres,40,CO,1585043182,78,12.58,-81.7,80.6,80.6,13.87
302,houma,1,US,1585043087,94,29.6,-90.72,73.4,70.11,5.82
303,xiaoweizhai,59,CN,1585043182,77,26.19,107.51,70.32,70.32,9.04
304,harper,100,LR,1585043009,84,4.38,-7.72,79.86,79.86,2.86
305,ravar,90,IR,1585043182,36,31.27,56.81,56.46,56.46,8.95
306,karratha,0,AU,1585043004,72,-20.74,116.85,86.52,86.52,15.28
307,rudnogorsk,100,RU,1585043182,77,57.26,103.75,13.44,13.44,7.47
308,mount isa,40,AU,1585043019,31,-20.73,139.5,91.4,91.4,8.05
309,nyurba,100,RU,1585043018,87,63.28,118.33,3.0,3.0,7.85
310,caucaia,40,BR,1585043183,88,-3.74,-38.65,81.0,80.78,5.82
311,port hawkesbury,90,CA,1585043183,86,45.62,-61.35,30.99,28.72,10.29
312,qeshm,40,IR,1585043183,41,26.96,56.27,75.2,74.44,11.41
313,lilongwe,75,MW,1585043183,69,-13.97,33.79,77.0,77.0,9.17
314,quatre cocos,75,MU,1585043014,78,-20.21,57.76,82.4,81.73,11.41
315,hay river,20,CA,1585043183,68,60.82,-115.8,-20.2,-20.2,5.48
316,jumla,15,NP,1585043031,93,29.27,82.18,64.0,64.0,7.43
317,san lorenzo,0,PY,1585043183,77,-25.33,-57.53,68.0,68.0,6.46
318,havre-saint-pierre,75,CA,1585043183,73,50.23,-63.6,26.6,26.6,4.7
319,pipri,40,IN,1585043183,23,19.8,75.53,98.6,98.6,6.93
320,ottawa,90,CA,1585043126,100,45.41,-75.7,30.0,28.45,4.7
321,bam,0,IR,1585043183,22,29.11,58.36,66.54,66.54,8.25
322,richards bay,0,ZA,1585043021,73,-28.78,32.04,78.6,78.6,8.63
323,port hedland,3,AU,1585043183,47,-20.32,118.57,95.0,95.0,17.22
324,kenora,75,CA,1585043183,58,49.82,-94.43,30.2,28.92,8.05
325,lavrentiya,20,RU,1585043009,90,65.58,-171.0,22.62,22.62,9.28
326,sokoto,100,NG,1585043184,39,13.06,5.24,89.94,89.94,13.33
327,caravelas,94,BR,1585043019,77,-17.71,-39.25,78.42,78.42,20.94
328,svetlaya,0,RU,1585043008,69,46.54,138.33,32.88,32.88,10.36
329,shelekhov,90,RU,1585043184,92,52.21,104.1,23.0,23.0,24.61
330,cabra,78,ES,1585043184,58,37.47,-4.44,60.01,57.29,13.87
331,tsabong,0,BW,1585043027,36,-26.02,22.4,84.18,84.18,8.84
332,gorodishche,100,RU,1585043184,61,48.8,44.47,32.0,32.0,11.18
333,hervey bay,90,AU,1585042845,61,-25.3,152.85,77.0,77.0,14.99
334,culiacancito,0,MX,1585043184,78,24.82,-107.53,61.0,58.06,1.68
335,gijon,75,ES,1585043184,82,43.54,-5.66,61.0,58.35,6.93
336,kodiak,1,US,1585043000,60,57.79,-152.41,39.2,39.2,4.7
337,jingdezhen,99,CN,1585043184,76,29.29,117.21,70.68,70.68,4.81
338,constitucion,11,CL,1585042786,86,-35.33,-72.42,57.18,57.18,2.51
339,katherine,100,AU,1585043014,55,-14.47,132.27,87.8,87.8,9.17
340,rabo de peixe,75,PT,1585043184,72,37.8,-25.58,59.0,59.0,10.29
341,chilmari,0,BD,1585043184,24,25.56,89.67,91.56,91.56,2.95
342,djibo,96,BF,1585043185,50,14.1,-1.63,87.06,87.06,17.09
343,bereda,29,ES,1585043185,87,43.27,-7.54,61.0,53.64,3.36
344,bafra,75,TR,1585043185,76,41.57,35.91,50.0,50.0,8.05
345,savannah bight,0,HN,1585043185,78,16.45,-85.85,78.78,78.78,15.01
346,kultayevo,90,RU,1585043185,74,57.89,55.94,30.2,30.2,13.42
347,rocha,19,UY,1585043185,97,-34.48,-54.33,62.94,62.94,7.43
348,genteng,71,ID,1585043185,92,-8.37,114.15,80.22,80.22,2.64
349,luderitz,1,NA,1585043003,50,-26.65,15.16,75.2,75.2,19.46
350,kimbe,100,PG,1585043185,90,-5.55,150.14,77.34,77.34,2.84
351,luau,11,AO,1585043185,70,-10.71,22.22,77.52,77.52,6.29
352,cockburn town,21,TC,1585043025,71,21.46,-71.14,75.36,75.36,16.2
353,samarai,100,PG,1585043019,89,-10.62,150.67,78.24,78.24,4.59
354,kijang,0,KR,1585043185,37,35.24,129.21,55.4,55.4,10.29
355,toamasina,40,MG,1585043185,62,-18.17,49.38,87.8,87.8,14.99
356,fernie,90,CA,1585043185,100,49.5,-115.07,30.2,29.17,4.07
357,orlik,100,RU,1585043185,84,52.52,99.83,7.5,7.5,7.63
358,manta,40,EC,1585043186,83,-0.95,-80.73,77.0,77.0,4.7
359,kourou,90,GF,1585043186,74,5.16,-52.65,80.6,80.6,5.82
360,usinsk,100,RU,1585043186,88,65.99,57.53,29.28,29.28,19.64
361,lusambo,17,CD,1585043186,46,-4.97,23.45,88.68,88.68,5.39
362,sao sepe,1,BR,1585043186,98,-30.16,-53.57,62.22,62.22,4.47
363,bereznik,97,RU,1585043186,60,62.86,42.71,32.34,32.34,9.95
364,laguna,1,US,1585043025,93,38.42,-121.42,53.6,47.7,6.51
365,ahipara,100,NZ,1585043186,64,-35.17,173.17,62.94,62.94,16.42
366,pacific grove,90,US,1585042922,81,36.62,-121.92,53.01,49.6,6.71
367,bansang,92,GM,1585043186,50,13.43,-14.65,75.2,75.2,9.17
368,ust-omchug,30,RU,1585043186,99,61.15,149.63,4.8,4.8,0.89
369,novoagansk,100,RU,1585043186,89,61.94,76.66,27.84,27.84,20.36
370,dolores,22,AR,1585043186,94,-36.31,-57.68,64.2,64.2,6.6
371,voyvozh,0,RU,1585043186,85,62.89,54.96,30.36,30.36,8.99
372,iqaluit,75,CA,1585043020,78,63.75,-68.51,15.8,15.42,4.7
373,shira,81,RU,1585043186,49,54.49,89.95,17.4,17.4,8.55
374,balkhash,40,KZ,1585043186,38,46.84,74.98,39.2,39.2,24.61
375,verkhnyaya inta,97,RU,1585043187,87,65.98,60.31,28.74,28.74,23.53
376,tevaitoa,48,PF,1585043187,66,-16.78,-151.5,84.0,84.0,4.76
377,guerrero negro,100,MX,1585043014,77,27.98,-114.06,59.52,59.52,16.11
378,ambilobe,53,MG,1585043022,59,-13.2,49.05,90.12,90.12,0.09
379,srednekolymsk,0,RU,1585043187,87,67.45,153.68,3.72,3.72,6.29
380,jimo,0,CN,1585043187,24,36.39,120.46,66.0,60.71,13.42
381,udaipur,92,IN,1585043187,19,24.57,73.69,90.12,90.12,12.64
382,ninghai,100,CN,1585043012,45,29.29,121.42,64.0,63.14,11.18
383,tampakan,90,PH,1585043187,94,6.44,124.93,77.0,77.0,5.17
384,tuatapere,64,NZ,1585043009,86,-46.13,167.68,52.0,52.0,10.0
385,aklavik,90,CA,1585043023,66,68.22,-135.01,14.0,14.0,2.24
386,peabiru,0,BR,1585043187,87,-23.91,-52.34,58.62,58.62,11.63
387,hartselle,90,US,1585043187,93,34.44,-86.94,60.01,56.93,2.39
388,ilulissat,100,GL,1585043015,71,69.22,-51.1,6.8,6.8,29.97
389,kruisfontein,100,ZA,1585043031,57,-34.0,24.73,71.4,71.4,6.4
390,larsnes,75,NO,1585043187,70,62.2,5.58,42.8,41.68,38.03
391,ocean city,1,US,1585043188,93,39.28,-74.57,44.6,40.75,6.93
392,coahuayana,0,MX,1585043188,37,18.73,-103.68,71.22,71.22,2.19
393,waddan,0,LY,1585042889,46,29.16,16.14,65.64,65.64,13.29
394,fereydun kenar,90,IR,1585043188,93,36.69,52.52,53.6,53.6,11.41
395,japura,82,ID,1585043017,72,-0.32,102.35,86.16,86.16,6.08
396,saint anthony,90,US,1585042839,100,45.02,-93.22,39.99,37.04,3.36
397,dingle,23,PH,1585043031,59,11.0,122.67,83.64,83.64,10.42
398,kichera,100,RU,1585043188,72,55.94,110.1,21.0,21.0,4.81
399,deputatskiy,100,RU,1585043025,93,69.3,139.9,1.56,1.56,0.72
400,banda aceh,96,ID,1585043188,51,5.56,95.32,87.96,87.96,9.01
401,atasu,0,KZ,1585043188,83,48.68,71.64,24.96,24.96,16.73
402,upata,17,VE,1585043188,94,8.01,-62.4,67.8,67.8,2.24
403,bukachacha,97,RU,1585043188,72,52.98,116.92,35.76,35.76,8.84
404,mahajanga,20,MG,1585043188,55,-15.72,46.32,91.4,91.4,6.93
405,port macquarie,98,AU,1585043093,77,-31.43,152.92,68.0,67.21,5.82
406,achacachi,70,BO,1585043188,78,-16.05,-68.68,29.46,29.46,6.76
407,jand,49,PK,1585043188,61,33.43,72.02,68.52,68.52,12.01
408,camacha,75,PT,1585043188,59,33.08,-16.33,62.6,62.6,12.75
409,gejiu,84,CN,1585043189,36,23.31,103.16,71.94,71.94,11.9
410,dvinskoy,0,RU,1585043009,60,62.15,45.12,34.68,34.68,6.33
411,kangaatsiaq,100,GL,1585043189,75,68.31,-53.46,13.26,13.26,21.9
412,tahe,100,CN,1585043189,90,52.33,124.73,35.76,35.76,4.03
413,nichinan,40,JP,1585043189,48,31.6,131.37,64.4,61.32,6.93
414,brokopondo,59,SR,1585043189,92,4.75,-55.17,73.02,73.02,5.46
415,ushtobe,0,KZ,1585043189,35,45.25,77.98,44.4,44.4,19.44
416,marawi,100,PH,1585043007,81,8.0,124.29,82.0,82.0,8.01
417,launceston,0,AU,1585043189,76,-41.45,147.17,55.0,53.31,9.17
418,saint-georges,41,GD,1585043189,78,12.06,-61.75,78.6,78.6,21.32
419,zhezkazgan,0,KZ,1585043024,51,47.8,67.71,35.6,35.6,20.13
420,sakakah,20,SA,1585043189,13,29.97,40.21,78.8,78.8,6.38
421,great yarmouth,22,GB,1585043189,52,52.61,1.73,48.0,46.92,13.87
422,canutama,96,BR,1585043189,93,-6.53,-64.38,71.58,71.58,1.74
423,yar-sale,67,RU,1585043014,82,66.83,70.83,30.18,30.18,21.9
424,shingu,20,JP,1585043190,34,33.73,135.98,51.8,51.8,11.41
425,appenzell,0,CH,1585043190,50,47.33,9.41,41.0,36.86,3.36
426,garissa,1,KE,1585043190,44,-0.45,39.64,91.92,91.92,14.32
427,grand-lahou,100,CI,1585043190,82,5.14,-5.02,78.96,78.96,10.18
428,miyazu,40,JP,1585043190,65,35.53,135.18,44.6,44.6,6.93
429,valle hermoso,90,MX,1585043190,83,25.67,-97.83,75.2,74.34,14.99
430,beyneu,0,KZ,1585043190,31,45.32,55.2,55.92,55.92,21.85
431,okhotsk,0,RU,1585043006,88,59.38,143.3,15.24,15.24,1.48
432,sistranda,75,NO,1585043190,66,63.73,8.83,48.2,48.2,14.99
433,maracaju,0,BR,1585043190,96,-21.61,-55.17,62.58,62.58,6.42
434,carberry,90,CA,1585043190,90,49.87,-99.36,32.0,32.0,8.05
435,gilgit,100,PK,1585043190,78,35.92,74.31,30.72,30.72,6.11
436,bubaque,69,GW,1585043001,55,11.28,-15.83,72.66,72.66,15.9
437,goderich,0,CA,1585043033,92,43.75,-81.72,33.01,31.68,2.42
438,zorritos,94,PE,1585043190,74,-3.68,-80.68,77.7,77.7,0.36
439,rostovka,40,RU,1585043190,83,55.38,71.89,25.32,25.32,7.23
440,el carmen,32,CO,1585043191,85,8.51,-73.45,66.9,66.9,4.81
441,toowoomba,48,AU,1585043178,77,-27.55,151.97,70.0,66.04,10.29
442,vega baja,11,PR,1585043191,88,18.44,-66.39,73.0,69.3,12.82
443,toora-khem,100,RU,1585043019,59,52.47,96.11,15.24,15.24,14.61
444,san felipe,95,VE,1585043035,92,10.34,-68.74,73.38,73.38,2.55
445,wabrzezno,0,PL,1585043191,29,53.28,18.95,43.0,40.39,9.17
446,blagoyevo,6,RU,1585043191,84,63.37,47.92,30.54,30.54,9.75
447,yamada,93,JP,1585043191,60,39.47,141.95,38.1,38.1,10.04
448,mitsamiouli,22,KM,1585043029,71,-11.38,43.28,84.0,84.0,7.58
449,kloulklubed,90,PW,1585043191,83,7.04,134.26,80.6,80.6,10.29
450,jahazpur,19,IN,1585043191,17,25.62,75.28,96.96,96.96,8.1
451,buctzotz,2,MX,1585043191,98,21.2,-88.78,67.98,67.98,3.53
452,sandakan,20,MY,1585043191,70,5.84,118.12,86.0,86.0,10.29
453,volksrust,0,ZA,1585043191,33,-27.37,29.88,77.34,77.34,7.16
454,barkot,100,IN,1585043191,67,30.82,78.2,50.7,50.7,7.52
455,poya,0,NC,1585043192,74,-21.35,165.15,77.7,77.7,22.91
456,vulcan,92,RO,1585043192,79,45.38,23.27,29.46,29.46,4.18
457,chifeng,100,CN,1585043192,29,42.27,118.96,61.14,61.14,16.75
458,batie,100,BF,1585043192,73,9.88,-2.92,76.98,76.98,2.26
459,pallasovka,100,RU,1585043192,83,50.05,46.88,30.18,30.18,8.12
460,iskateley,100,RU,1585043192,88,67.68,53.15,29.82,29.82,20.65
461,odweyne,20,SO,1585043192,55,9.41,45.06,79.86,79.86,13.24
462,pakxe,20,LA,1585043192,39,15.12,105.78,96.8,96.8,6.93
463,francisco beltrao,0,BR,1585043192,95,-26.08,-53.05,56.1,56.1,3.11
464,basco,40,PH,1585043192,74,20.45,121.97,79.68,79.68,4.88
465,santa isabel,20,BR,1585043192,100,-23.32,-46.22,64.4,62.17,3.36
466,ayorou,100,NE,1585043192,28,14.73,0.92,92.1,92.1,20.29
467,honningsvag,100,NO,1585043192,74,70.98,25.97,39.72,39.72,31.0
468,ahar,59,IR,1585043192,55,38.48,47.07,46.2,46.2,6.89
469,savelugu,100,GH,1585043192,72,9.62,-0.83,79.68,79.68,9.78
470,marsabit,3,KE,1585043193,51,2.33,37.99,85.26,85.26,21.16
471,beloha,0,MG,1585043193,35,-25.17,45.05,94.26,94.26,4.97
472,buenos aires,0,AR,1585042794,78,-34.61,-58.38,71.6,67.05,5.82
473,senanga,36,ZM,1585043193,56,-16.12,23.27,78.78,78.78,7.31
474,fort nelson,5,CA,1585043008,76,58.81,-122.7,-4.0,-4.0,5.82
475,lisala,100,CD,1585043193,96,2.15,21.52,70.14,70.14,4.7
476,sohbatpur,0,PK,1585043193,21,28.52,68.54,90.48,90.48,1.63
477,agirish,3,RU,1585043193,66,61.92,63.02,34.14,34.14,11.61
478,kashi,100,CN,1585043193,15,39.45,75.98,66.2,66.2,4.47
479,comodoro rivadavia,100,AR,1585043178,52,-45.87,-67.5,66.2,66.2,17.22
480,guaymas,92,MX,1585042922,42,27.93,-110.9,68.16,68.16,7.74
481,mlimba,30,TZ,1585043193,68,-8.8,35.82,85.98,85.98,2.04
482,erenhot,89,CN,1585043193,27,43.65,111.98,60.78,60.78,10.22
483,napier,87,NZ,1585043193,92,-39.48,176.92,52.0,52.0,1.99
484,klaksvik,100,FO,1585043019,75,62.23,-6.59,42.8,42.8,13.87
485,candolim,20,IN,1585043193,74,15.52,73.76,84.2,84.2,9.17
486,richmond,90,US,1585043010,93,37.55,-77.46,46.4,41.74,3.74
487,galveston,90,US,1585043194,94,29.37,-94.97,73.99,72.52,12.75
488,guymon,75,US,1585043194,100,36.68,-101.48,48.2,48.2,3.36
489,bardiyah,86,LY,1585043194,78,31.76,25.09,61.5,61.5,11.14
490,vila franca do campo,75,PT,1585043025,72,37.72,-25.43,59.0,59.0,10.29
491,oda,20,JP,1585043194,40,35.18,132.5,51.8,51.8,13.87
492,san benito,0,GT,1585043194,94,16.91,-89.91,66.0,66.0,2.48
493,grindavik,75,IS,1585043028,74,63.84,-22.43,35.6,34.09,17.22
494,aleksandrov gay,100,RU,1585043194,71,50.15,48.57,37.56,37.56,9.57
495,bani walid,47,LY,1585043021,63,31.76,13.99,60.24,60.24,9.62
496,monaragala,20,LK,1585043194,47,6.87,81.35,95.0,95.0,5.82
497,zhigansk,100,RU,1585043030,91,66.77,123.37,-3.3,-3.3,15.48
498,grajewo,0,PL,1585043194,94,53.65,22.46,37.99,37.99,5.1
499,viterbo,20,IT,1585043194,44,42.42,12.08,46.4,42.22,20.8
500,oktyabrskoye,90,RU,1585043194,100,43.06,44.74,42.8,42.8,6.71
501,calama,0,CL,1585043194,48,-22.47,-68.93,44.6,44.6,16.11
502,coquimbo,0,CL,1585043019,93,-29.95,-71.34,55.4,55.4,3.36
503,inuvik,90,CA,1585043176,66,68.35,-133.72,14.0,14.0,2.24
504,pangnirtung,100,CA,1585043011,93,66.15,-65.71,6.06,6.06,4.72
505,college,90,US,1585043195,80,64.86,-147.8,35.6,31.96,13.87
506,fort-shevchenko,0,KZ,1585043195,30,44.51,50.26,58.08,58.08,15.5
507,saint-joseph,100,RE,1585043023,78,-21.37,55.62,79.0,78.87,9.17
508,praya,75,CV,1585043195,60,14.92,-23.51,71.6,71.6,12.75
509,ihosy,2,MG,1585043195,60,-22.4,46.12,76.62,76.62,8.3
510,san quintin,0,MX,1585043019,82,30.48,-115.95,57.36,57.36,10.76
511,srandakan,94,ID,1585043195,80,-7.94,110.25,82.2,82.2,6.53
512,ishigaki,75,JP,1585043195,88,24.34,124.16,71.6,71.6,16.11
513,berga,75,NO,1585042965,75,60.39,5.33,46.0,44.01,40.26
514,sobolevo,0,RU,1585043195,34,54.43,31.9,33.24,33.24,7.36
515,los llanos de aridane,20,ES,1585043034,68,28.66,-17.92,64.4,61.72,4.7
516,kitaibaraki,40,JP,1585043195,55,36.78,140.75,45.0,40.21,10.29
517,codrington,34,AU,1585043006,69,-38.27,141.97,58.44,58.44,12.39
518,turukhansk,100,RU,1585043035,93,65.82,87.98,20.64,20.64,16.42
519,gushikawa,1,JP,1585043195,60,26.35,127.87,69.8,69.53,10.29
520,patancheru,20,IN,1585043195,53,17.53,78.27,95.0,94.68,5.82
521,san policarpo,9,PH,1585043195,73,12.18,125.51,80.76,80.76,9.13
522,caluquembe,93,AO,1585043195,73,-13.78,14.68,71.76,71.76,3.27
523,kudahuvadhoo,83,MV,1585043003,66,2.67,72.89,83.28,83.28,7.76
524,sioux lookout,5,CA,1585043135,73,50.1,-91.92,28.4,26.28,5.82
525,ladario,0,BR,1585043196,80,-19.0,-57.6,71.4,71.4,4.72
526,hauterive,90,FR,1585043196,55,46.09,3.45,43.0,41.31,3.36
527,planos,20,GR,1585043196,58,37.82,20.85,57.2,56.7,12.75
528,pathalgaon,50,IN,1585043196,27,22.57,83.47,88.5,88.5,5.93
529,wagar,32,SD,1585043196,5,16.15,36.2,96.24,96.24,17.87
530,kholodnyy,0,RU,1585043196,100,62.72,147.95,-4.02,-4.02,0.36
531,port augusta,90,AU,1585043196,88,-32.5,137.77,62.6,61.77,5.82
532,bac lieu,3,VN,1585043196,38,9.29,105.72,93.0,93.0,16.35
533,tukrah,26,LY,1585043196,74,32.53,20.58,60.6,60.6,17.67
534,zyryanka,5,RU,1585043008,87,65.75,150.85,9.48,9.48,7.58
535,jijiga,83,ET,1585043196,59,9.35,42.8,73.38,73.38,16.96
536,marakkanam,0,IN,1585043196,67,12.2,79.95,82.92,82.92,10.71
537,yaring,20,TH,1585043196,74,6.87,101.37,86.0,86.0,9.17
538,burayevo,100,RU,1585043196,99,55.84,55.41,33.96,33.96,11.27
539,bolshaya sosnova,96,RU,1585043196,99,57.67,54.6,31.98,31.98,12.62
540,henties bay,0,NA,1585043032,85,-22.12,14.28,66.99,66.99,3.0
541,thinadhoo,6,MV,1585043197,68,0.53,72.93,84.36,84.36,10.33
542,dongli,0,CN,1585043197,50,23.57,116.82,77.0,77.0,4.47
543,cururupu,15,BR,1585043016,97,-1.83,-44.87,73.2,73.2,1.19
544,yatou,0,CN,1585043197,56,37.15,122.38,50.16,50.16,12.82
545,weihai,0,CN,1585043006,46,37.5,122.11,54.12,54.12,17.47
546,guider,5,CM,1585043197,24,9.93,13.95,104.0,104.0,3.36
547,constantine,75,DZ,1585043197,81,36.37,6.61,53.6,53.6,12.75
548,itarantim,96,BR,1585043197,95,-15.66,-40.07,66.9,66.9,2.26
549,bogorodskoye,0,RU,1585043197,34,56.55,37.88,31.98,31.98,12.12
550,pestravka,100,RU,1585043197,94,52.41,49.96,28.2,28.2,4.54
551,ranghulu,100,CN,1585043197,37,46.65,124.87,48.54,48.54,11.18
552,griffith,1,US,1585043197,100,41.53,-87.42,34.0,30.65,2.95
553,birjand,90,IR,1585043139,75,32.87,59.22,46.4,46.4,18.34
554,ketchikan,1,US,1585043028,47,55.34,-131.65,39.2,38.26,10.29
555,sosnovo-ozerskoye,100,RU,1585043197,96,52.52,111.54,32.52,32.52,13.31
556,saint-augustin,100,CA,1585043197,84,51.23,-58.65,26.04,26.04,20.49
557,puerto narino,75,CO,1585043197,100,-3.77,-70.38,75.2,75.2,3.36
558,bud,90,US,1585043197,100,39.45,-86.18,39.0,36.41,5.82
559,black river,20,JM,1585043198,83,18.03,-77.85,75.2,74.17,6.93
560,sandviken,100,SE,1585043026,47,60.62,16.77,42.01,40.62,7.0
561,doha,20,QA,1585042806,29,25.29,51.53,78.8,77.63,10.29
562,aswan,52,EG,1585043060,12,24.09,32.91,91.2,91.2,10.02
563,kununurra,40,AU,1585043021,32,-15.77,128.73,96.8,96.8,9.17
564,mahibadhoo,66,MV,1585043198,65,3.78,72.97,84.54,84.54,8.25
565,hegang,20,CN,1585043188,55,47.4,130.37,42.42,42.42,6.51
566,kaohsiung,75,TW,1585043198,61,22.62,120.31,80.6,78.96,10.29
